Programme,Section Title,Content Type,Speaker Name,Speaker Description,Segment Description,Start Time,Duration
Tagesschau,01 Details Heizungsgesetz,O-Ton,"Judith, Rakers",,"Ricarda Lang, Vorsitzende Bündnis 90/Die Grünen (Für Menschen mit einem geringen Einkommen soll eine Wärmepumpe nicht mehr kosten als ne Gasheizung; weitere Maßnahmen sind Krediterleichterungen; Kreditkonditionen)",20:01:49.18,"0'17"""
Tagesschau,01 Förderprogramm für Austausch alter Heizungen,O-Ton,"Judith, Rakers",,"Aufsager Nadine Bader Aufzeichnung/Produktion Sendung Beitrag 01 Programmentstehung Eigenproduktion Herkunft ARD-aktuell und EVN Hauptstadtstudio Berlin Realisation sendefertig 15'19"" Tagesschau F: 24475 02.04.2023 ARDAKT 1'38"" Förderprogramm für Austausch alter Heizungen So 20:00 01 Titel Serien-/Reihentitel Tagesschau F: 24475 01 Bericht aus Berlin zu Ampel-Koalition und Standort Deutschland 15.11.2023 09:44 Seite 2 von 36 NDR Copyright (c) 2004",20:02:29.02,"0'16"""
Tagesschau,01 Förderprogramm für Austausch alter Heizungen,Sachinhalt,"Jens, Riewa",,"01 Start-TC Beitrag: 20:00:53.18 Dauer: 1'38"" Nachdem die Ampel-Koalition einen Kompromiss beim umstrittenen Gebäudeenergiegesetz mit dem Verbot des Einbaus neuer Gas- und Ölheizungen bekannt gegeben hat, arbeitet sie jetzt an einem Förderprogramm. Laut Bundesfinanzministerium soll es eine Art Abwrackprämie für alte Anlagen geben, deren Höhe vom Zustand der Anlage abhängig sein soll. Im ""Bericht aus Berlin"" nannte Bundeswirtschaftsminister Robert Habeck weitere Möglichkeiten, wie die finanzielle Entlastung gestaltet werden kann. Bildinhalt",20:02:29.02,"0'16"""
Tagesschau,01 Förderprogramm für Austausch alter Heizungen,Sachinhalt,"Jens, Riewa",,"Archivmaterial: Hausbesitzer lässt sich für die Umrüstung seiner Heizung beraten, Heizungsbauer im Keller",20:00:50.01,"0'18"""
Tagesschau,01 Förderprogramm für Austausch alter Heizungen,Sachinhalt,"Jens, Riewa",,"Grafik: Stellungnahme Christian Lindner, Bundesminister der Finanzen/Vorsitzender FDP",20:01:08.22,"0'10"""
Tagesschau,01 Förderprogramm für Austausch alter Heizungen,Sachinhalt,"Jens, Riewa",,"Regieraum ""Bericht aus Berlin"" (mehrmals) Bundeswirtschaftsminister Robert Habeck im Studiointerview",20:01:19.19,"0'32"""
Tagesschau,01 Förderprogramm für Austausch alter Heizungen,Sachinhalt,"Jens, Riewa",,"Bundesbauministerin Klara Geywitz im Studiointerview von ""Berlin Direkt"" (ZDF)",20:01:52.06,"0'21"""
Tagesschau,01 Förderprogramm für Austausch alter Heizungen,O-Ton,"Jens, Riewa",,"Robert Habeck, Bundesminister für Wirtschaft und Klimaschutz/Bündnis 90/Die Grünen (zählt Möglichkeiten der finanziellen Unterstützung beim Einbau einer neuen Heizung auf)",20:01:28.22,"0'14"""
Tagesschau,01 Förderprogramm für Austausch alter Heizungen,O-Ton,"Jens, Riewa",,"Klara Geywitz, Bundesministerin für Wohnen, Stadtentwicklung und Bauwesen/SPD [ZDF] (Eine Abwrackprämie, die die alten Modelle als Erstes vom Markt nimmt, ist durchaus sinnvoll; Prämie wäre technologieoffen, der Hausbesitzer kann entscheiden, wofür er sie einsetzt) Aufzeichnung/Produktion 15.11.2023 09:44 Seite 3 von 36 NDR Copyright (c) 2004",20:01:58.09,"0'15"""
Tagesschau,01 Bundesregierung: Gebäudeenergiegesetz,Sachinhalt,"Thorsten, Schröder",,"01 Start-TC Beitrag: 20:00:48.23 Dauer: 2'12"" Die Bundesregierung hat sich auf eine Novelle des Gebäudeenergiegesetzes geeinigt und damit die Umstellung von Heizungen auf Erneuerbare Energien gebilligt. Von 2024 an sollen alle neu eingebauten Heizungen zu mindestens 65 Prozent mit erneuerbaren Energien betrieben werden. Die Vorschriften werden zur Vermeidung sozialer Härten von Ausnahmen, Übergangsregelungen und Förderungsmöglichkeiten flankiert. Der Koalitionspartner FDP erwartet schon jetzt Änderungen am Gesetzentwurf, Kritik kommt von der Opposition. Bildinhalt",20:01:58.09,"0'15"""
Tagesschau,01 Bundesregierung: Gebäudeenergiegesetz,Sachinhalt,"Thorsten, Schröder",,"Demonstration der Gruppe ""Letzte Generation"" in Berlin",20:00:48.23,"0'16"""
Tagesschau,01 Bundesregierung: Gebäudeenergiegesetz,Sachinhalt,"Thorsten, Schröder",,"Christian Lindner, Robert Habeck und Maco Buschmann im Gespräch",20:01:05.12,"0'06"""
Tagesschau,01 Bundesregierung: Gebäudeenergiegesetz,Sachinhalt,"Thorsten, Schröder",,Bundespressekonferenz mit Klara Geywitz und Robert Habeck 15.11.2023 09:44 Seite 4 von 36 NDR Copyright (c) 2004,20:01:11.21,"0'35"""
Tagesschau,01 Bundesregierung: Gebäudeenergiegesetz,O-Ton,"Thorsten, Schröder",,"Robert Habeck, Bundesminister für Wirtschaft und Klimaschutz/Bündnis 90/Die Grünen (Haben große Aufgabe vor uns; beginnen sie recht spät, andere Länder haben das schon früher getan)",20:01:21.04,"0'07"""
Tagesschau,01 Bundesregierung: Gebäudeenergiegesetz,O-Ton,"Thorsten, Schröder",,"Klara Geywitz, Bundesministerin für Wohnen, Stadtentwicklung und Bauwesen/SPD Gesetz wird nicht dazu führen, dass jemand ohne Heizung ist oder sein Haus verkaufen muss, weil sie sich nicht an die Anforderungen des Gesetzes halten können)",20:01:36.16,"0'11"""
Tagesschau,01 Bundesregierung: Gebäudeenergiegesetz,O-Ton,"Thorsten, Schröder",,"Christian Dürr, Fraktionsvorsitzender FDP (Es wird im parlamentarischen Verfahren Änderungen am Gesetzentwurf geben; im Vergleich zum ursprünglichen Entwurf von Robert Habeck ist er besser geworden, aber wir wollen Technologieoffen sein, weil nicht überall die Wärmepumpe passt)",20:02:13.24,"0'12"""
Tagesschau,01 Bundesregierung: Gebäudeenergiegesetz,O-Ton,"Thorsten, Schröder",,"Jens Spahn, stellvertretender Fraktionsvorsitzender CDU/CSU (Das Gesetz, so wie es heute im Kabinett beschlossen wurde, hat schon in der Koalition keine Mehrheit; das Chaos bei der Wärme-Wende geht weiter)",20:02:30.07,"0'11"""
Tagesschau,02 FDP-Parteitag,O-Ton,"Thorsten, Schröder",,"Aufsager Justus Kliss Aufzeichnung/Produktion Sendung Beitrag 01 Programmentstehung Eigenproduktion Herkunft ARD-aktuell und EVN Hauptstadtstudio Berlin Realisation sendefertig 15'11"" Tagesschau F: 24495 22.04.2023 ARDAKT 1'44"" FDP-Parteitag Sa 20:00 02 Titel Serien-/Reihentitel Tagesschau F: 24495 Plan- und Sendedaten Start-TC:20:03:28.02 Ereignistyp Btr. Datum/Uhrzeit Ereignisdauer publiziert von/in ESD 22.04.2023 20:00 1'44"" in 15'11"" NDR @ ARD-1 Anmerkung: zusätzlich in: 3sat; NDR-NDR-RB; WDR-Fernsehen; hessen fernsehen; SWR; tagesschau24; RBB; SR; BR; ARD-Alpha; Phoenix Urheber/Produktion/Mitwirkung Programmbereich ARD-AKTUELL Redaktion (Bereich) ARD-AKTUELL 15.11.2023 09:44 Seite 5 von 36 NDR Copyright (c) 2004",20:02:49.13,"0'12"""
Tagesschau,02 FDP-Parteitag,Sachinhalt,"Julia-Niharika, Sen",,"02 Start-TC Beitrag: 20:03:28.02 Dauer: 1'44"" Der FDP-Bundesparteitag hat darüber entschieden, das Gebäudeenergiegesetzes mit den Vorgaben für den Heizungsaustausch komplett zu stoppen. Der FDP-Bezirksverband Ostwestfalen-Lippe hatte einen entsprechenden Dringlichkeitsantrag eingereicht, der auf dem Parteitag angenommen wurde. Bildinhalt",20:02:49.13,"0'12"""
Tagesschau,02 FDP-Parteitag,Sachinhalt,"Julia-Niharika, Sen",,"FDP-Parteitag, u.a. Frank Schäffler unter den Abgeordneten; Internetseite mit Informationen zum Gebäudeenergiegesetz (Antrag D004); Schäffler bei Rede; Applaus Parteimitglieder",20:03:28.02,"0'52"""
Tagesschau,02 FDP-Parteitag,O-Ton,"Julia-Niharika, Sen",,"Frank Schäffler, Vorsitzender FDP Ostwestfalen-Lippe (Ja wir wollen das Gebäudeenergiegesetz, dass Robert Habeck ja eingebracht hat, dass ja ein Heizungsverbotsgesetz ist, das wollen wir vom Kopf auf die Füße stellen)",20:03:45.09,"0'08"""
Tagesschau,03 Lage der Bundes-Grünen vor der Bremenwahl,O-Ton,"Julia-Niharika, Sen",,"Frank Schäffler, Vorsitzender FDP Ostwestfalen-Lippe (fordert, dass man den Menschen überlassen sollte, wie sie investieren und dass man sie nicht bevormunden sollte. Und dass dies die liberale Botschaft dieses Parteitags sein sollte; bittet um Unterstützung) Aufzeichnung/Produktion Sendung Beitrag 02 Programmentstehung Eigenproduktion Herkunft ARD-aktuell und EVN Hauptstadtstudio Berlin Realisation sendefertig 15'14"" Tagesschau F: 24510 07.05.2023 ARDAKT 1'43"" Lage der Bundes-Grünen vor der Bremenwahl So 20:00 03 Titel Serien-/Reihentitel Tagesschau F: 24510 15.11.2023 09:44 Seite 6 von 36 NDR Copyright (c) 2004",20:04:07.12,"0'13"""
Tagesschau,03 Lage der Bundes-Grünen vor der Bremenwahl,Sachinhalt,"Constantin, Schreiber",,"03 Start-TC Beitrag: 20:05:15.18 Dauer: 1'43"" Bündnis 90/Die Grünen befinden sich derzeit im Umfragetief. Im letzten Deutschlandtrend lag die Partei bei 16 Prozent. Zuletzt gab es viel Kritik am Heizungsgesetz oder an vermeintlicher Vetternwirtschaft im grün geführten Bundeswirtschaftsministerium. Bildinhalt",20:04:07.12,"0'13"""
Tagesschau,03 Lage der Bundes-Grünen vor der Bremenwahl,Sachinhalt,"Constantin, Schreiber",,"Regieraum ""Bericht aus Berlin"", Grünen-Vorsitzende Ricarda Lang zu Gast im Studio",20:05:15.18,"0'22"""
Tagesschau,03 Lage der Bundes-Grünen vor der Bremenwahl,Sachinhalt,"Constantin, Schreiber",,Archivmaterial (06.05.2023): Bündnis 90/Die Grünen feiern in Leipzig 30. Jubiläum des Zusammenschlusses von Bündnis 90 und Die Grünen,20:05:56.12,"0'07"""
Tagesschau,03 Lage der Bundes-Grünen vor der Bremenwahl,Sachinhalt,"Constantin, Schreiber",,"Ricarda Lang als Studiogast im ""Bericht aus Berlin""",20:06:13.01,"0'05"""
Tagesschau,03 Lage der Bundes-Grünen vor der Bremenwahl,Sachinhalt,"Constantin, Schreiber",,Heizungsbauer bei der Arbeit,20:06:18.14,"0'09"""
Tagesschau,03 Lage der Bundes-Grünen vor der Bremenwahl,O-Ton,"Constantin, Schreiber",,"Ricarda Lang, Vorsitzende Bündnis 90/Die Grünen (""Glaubwürdigkeit geht, indem wir klare Regeln haben, indem wir uns auch nicht verunsichern lassen und indem wir jetzt die Fragen, die die Bürgerinnen und Bürger tatsächlich umtreiben, z. B. soziale Frage, beantworten"")",20:05:37.21,"0'18"""
Tagesschau,03 Lage der Bundes-Grünen vor der Bremenwahl,O-Ton,"Constantin, Schreiber",,"Sabine Kropp, Politikwissenschaftlerin Freie Universität Berlin",20:06:04.12,"0'08"""
Tagesschau,03 Lage der Bundes-Grünen vor der Bremenwahl,O-Ton,"Constantin, Schreiber",,"Ricarda Lang (""Die Alternative zur Veränderung ist nicht, dass alles bleibt, wie es ist. Die Alternative ist, dass es unsicherer, teurer und gefährlicher wird. Aber, wenn wir jetzt sagen, wir gehen diese Veränderung an, das machen wir gemeinsam, ... dann heißt das doch jetzt auch, dass wir gemeinsam Geld in die Hand nehmen, um sie [die Bürger] dabei zu unterstützen"") 15.11.2023 09:44 Seite 7 von 36 NDR Copyright (c) 2004",20:06:27.15,"0'21"""
Tagesschau,03 Reaktionen Wahl Bürgerschaft Bremen,Sachinhalt,"Julia-Niharika, Sen",,"03 Start-TC Beitrag: 20:04:46.11 Dauer: 1'56"" Reaktionen der Bundesparteien zum Wahlausgang der Bürgerschaftswahl in Bremen. Die SPD von Bürgermeister Andreas Bovenschulte hat nach aktueller Hochrechnung mit 30,1 Prozent einen deutlichen Sieg errungen. Die CDU landete mit 25 Prozent auf dem zweiten Platz, die mitregierenden Bündnis 90/Die Grünen mussten deutliche Verluste einstecken, die Linke blieb stabil und die FDP schaffte die Fünf-Prozent- Hürde. Bildinhalt",20:06:27.15,"0'21"""
Tagesschau,03 Reaktionen Wahl Bürgerschaft Bremen,Sachinhalt,"Julia-Niharika, Sen",,Andreas Bovenschulte nimmt Gratulationen von Parteigenossen in der SPD-Parteizentrale entgegen,20:04:46.11,"0'17"""
Tagesschau,03 Reaktionen Wahl Bürgerschaft Bremen,Sachinhalt,"Julia-Niharika, Sen",,Parteizentrale und Pressekonferenz Bündnis 90/Die Grünen,20:05:17.04,"0'20"""
Tagesschau,03 Reaktionen Wahl Bürgerschaft Bremen,Sachinhalt,"Julia-Niharika, Sen",,"Kristina Vogt, Spitzenkandidatin Die Linke Bremen, mit Blumenstrauß auf Pressekonferenz von Die Linke 15.11.2023 09:44 Seite 8 von 36 NDR Copyright (c) 2004",20:05:38.03,"0'15"""
Tagesschau,03 Reaktionen Wahl Bürgerschaft Bremen,O-Ton,"Julia-Niharika, Sen",,"Lars Klingbeil, Vorsitzender SPD (zum geplanten Heizungsgesetz: ""Wir wollen die soziale Förderung auf den Weg bringen, das heißt auch Förderung gestaffelt nach Einkommen. Wir werden als SPD darauf achten, dass der Mieterschutz gestärkt wird. Es kann nicht sein, dass die Kosten am Ende auf die Mieter umgelegt werden"")",20:05:03.24,"0'13"""
Tagesschau,03 Reaktionen Wahl Bürgerschaft Bremen,O-Ton,"Julia-Niharika, Sen",,"Omid Nouripour, Vorsitzender Bündnis 90/Die Grünen (""Wir sind für Sondierungsgespräche ... bereit, weil wir hoffen, dass wir weiter mitwirken können"")",20:05:30.20,"0'07"""
Tagesschau,03 Reaktionen Wahl Bürgerschaft Bremen,O-Ton,"Julia-Niharika, Sen",,"Martin Schirdewan, Vorsitzender Die Linke (""Es ist ein Grund zur Freude für die gesamte Partei ... Dieses Ergebnis wird uns entsprechend auch Rückenwind geben für die gesamte Partei"")",20:05:45.07,"0'08"""
Tagesschau,03 Reaktionen Wahl Bürgerschaft Bremen,O-Ton,"Julia-Niharika, Sen",,"Friedrich Merz, Vorsitzender CDU (""Deshalb möchte ich auch an die SPD appellieren, jetzt auch die Chance wahrzunehmen, mit der CDU in Bremen Gespräche zu führen über eine mögliche Zusammenarbeit in Bremen"")",20:06:03.09,"0'12"""
Tagesschau,01 Debatte um Gebäudeenergiegesetz,O-Ton,"Julia-Niharika, Sen",,"Christian Lindner, Vorsitzender FDP (""Wir arbeiten mit fröhlicher Penetranz daran, dass Deutschland liberaler, moderner und digitaler wird"") Aufzeichnung/Produktion Sendung Beitrag 03 Programmentstehung Eigenproduktion Herkunft ARD-aktuell und EVN Hauptstadtstudio Berlin Realisation sendefertig 15'29"" Tagesschau F: 24521 18.05.2023 ARDAKT 1'50"" Debatte um Gebäudeenergiegesetz Do 20:00 01 Titel Serien-/Reihentitel Tagesschau F: 24521 Plan- und Sendedaten Start-TC:20:00:42.11 Ereignistyp Btr. Datum/Uhrzeit Ereignisdauer publiziert von/in ESD 18.05.2023 20:00 1'50"" in 15'29"" NDR @ ARD-1 Anmerkung: zusätzlich in: 3sat; NDR-NDR-RB; WDR-Fernsehen; hessen fernsehen; 15.11.2023 09:44 Seite 9 von 36 NDR Copyright (c) 2004",20:06:24.03,"0'09"""
Tagesschau,01 Debatte um Gebäudeenergiegesetz,O-Ton,"Thorsten, Schröder",,"Julia Klöckner, Fraktion CDU/CSU (Ich erwarte von Minister Habeck, dass er jetzt einfach mal auf die Stopptaste drückt, dass er nicht mit der Brechstange versucht, ein Gesetz durchzudrücken, was gegen jede wissenschaftliche Berechnung ist, was auch gegen die Wünsche und Bedürfnisse der Bürgerinnen und Bürger ist und vor allen Dingen das überhaupt nicht technologieoffen ist)",20:01:25.13,"0'19"""
Tagesschau,01 Philipp Nimmermann wird Graichen-Nachfolger,O-Ton,"Thorsten, Schröder",,"Andreas Audretsch, stellvertretender Fraktionsvorsitzender Bündnis 90/Die Grünen (Im Kabinett haben wieder alle zugestimmt, und deswegen sind wir jetzt in den parlamentarischen Beratungen auch genau auf diesem Weg. Vor dem Sommer wird es einen Beschluss über das Gebäudeenergiegesetz im Deutschen Bundestag geben) Aufzeichnung/Produktion Sendung Beitrag 01 Programmentstehung Eigenproduktion Herkunft ARD-aktuell und EVN Hauptstadtstudio Berlin Realisation sendefertig 17'44"" Tagesschau F: 24525 22.05.2023 ARDAKT 2'31"" Philipp Nimmermann wird Graichen-Nachfolger Mo 20:00 01 Titel Serien-/Reihentitel Tagesschau F: 24525 Plan- und Sendedaten Start-TC:20:00:44.17 Ereignistyp Btr. Datum/Uhrzeit Ereignisdauer publiziert von/in ESD 22.05.2023 20:00 2'31"" in 17'44"" NDR @ ARD-1 Anmerkung: zusätzlich in: 3sat; NDR-NDR-RB; WDR-Fernsehen; hessen fernsehen; SWR; tagesschau24; RBB; SR; BR; ARD-Alpha; Phoenix 15.11.2023 09:44 Seite 10 von 36 NDR Copyright (c) 2004",20:01:57.17,"0'09"""
Tagesschau,01 Philipp Nimmermann wird Graichen-Nachfolger,Sachinhalt,"Jens, Riewa",,"01 Start-TC Beitrag: 20:00:44.17 Dauer: 2'31"" Philipp Nimmermann wird neuer Staatssekretär im Bundeswirtschaftsministerium. Bundeswirtschaftsminister Robert Habeck lobte Nimmermann als erfahrenen Staatssekretär mit ökonomischer Expertise und viel Verwaltungserfahrung, der die Energiewende, die Wärmewende und die Transformation voranbringen werde. Derweil geht der Streit innerhalb der Regierungskoalition über das Gebäudeenergiegesetz (Heizungsgesetz) weiter. Die FDP kritisiert, der Entwurf sei nicht praxistauglich und besteht auf einer grundlegenden Überarbeitung. Bildinhalt",20:01:57.17,"0'09"""
Tagesschau,01 Philipp Nimmermann wird Graichen-Nachfolger,Sachinhalt,"Jens, Riewa",,Archivmaterial/Fotos: Philipp Nimmermann,20:00:48.06,"0'07"""
Tagesschau,01 Philipp Nimmermann wird Graichen-Nachfolger,Sachinhalt,"Jens, Riewa",,Robert Habeck bei Pressekonferenz,20:00:55.07,"0'17"""
Tagesschau,01 Philipp Nimmermann wird Graichen-Nachfolger,Sachinhalt,"Jens, Riewa",,Archivmaterial: Handwerker Heizungsanlage,20:01:13.05,"0'12"""
Tagesschau,01 Philipp Nimmermann wird Graichen-Nachfolger,Sachinhalt,"Jens, Riewa",,Grafik: geplantes Heizungsgesetz,20:01:41.11,"0'14"""
Tagesschau,01 Philipp Nimmermann wird Graichen-Nachfolger,O-Ton,"Jens, Riewa",,"Robert Habeck, Bundesminister für Wirtschaft und Klimaschutz/Bündnis 90/Die Grünen (über Philipp Nimmermann)",20:00:57.17,"0'15"""
Tagesschau,01 Philipp Nimmermann wird Graichen-Nachfolger,O-Ton,"Jens, Riewa",,"Bijan Djir-Sarai, Generalsekretär FDP (zum Gebäudeenergiegesetz: Wenn man sich ansieht, was auf dem Tisch liegt, das ist eine so große Baustelle, dass ich mir nicht vorstellen kann, dass wir in dieser Sitzungswoche geschweige denn vor der Sommerpause ein Ergebnis erzielen können)",20:01:25.23,"0'15"""
Tagesschau,01 Philipp Nimmermann wird Graichen-Nachfolger,O-Ton,"Jens, Riewa",,"Rolf Mützenich, Fraktionsvorsitzender SPD (Kritik an FDP: Es nervt auch die Fraktionsspitzen, von daher hoffe ich, dass in den nächsten Stunden ein Umdenken möglich ist; die FDP muss in der Lage sein, auch zu belastbaren Beratungen im Bundestag zu kommen)",20:02:11.05,"0'14"""
Tagesschau,01 Philipp Nimmermann wird Graichen-Nachfolger,O-Ton,"Jens, Riewa",,"Andreas Jung, Fraktion CDU/CSU (Der Streit der Ampel führt zu Verunsicherungen bei den Menschen; er führt zu einer Hängepartie im Verfahren und er führt zu einem run auf Öl- und Gasheizungen, also dem exakten Gegenteil, was mit der Wärmewende bezweckt ist)",20:02:32.01,"0'12"""
Tagesschau,01 Philipp Nimmermann wird Graichen-Nachfolger,O-Ton,"Jens, Riewa",,"Martin Schirdewan, Vorsitzender Die Linke (Die Förderprogramme, die jetzt diskutiert werden, müssen nach Einkommensklassen gestaffelt sein, um soziale Gerechtigkeit walten zu lassen)",20:02:44.08,"0'09"""
Tagesschau,01 Philipp Nimmermann wird Graichen-Nachfolger,O-Ton,"Jens, Riewa",,Aufsager Kirsten Girschick 15.11.2023 09:44 Seite 11 von 36 NDR Copyright (c) 2004,20:02:53.15,"0'22"""
Tagesschau,01 Streit um Heizungsgesetz,O-Ton,"Judith, Rakers",,"Robert Habeck, Bundesminister für Wirtschaft und Klimaschutz/Bündnis 90/Die Grünen (Dass es nicht aufgesetzt wird, ist ein Wortbruch gegenüber der getroffenen Vereinbarung im Koalitionsausschuss)",20:00:55.19,"0'08"""
Tagesschau,01 Streit um Heizungsgesetz,O-Ton,"Judith, Rakers",,"Christian Dürr, Fraktionsvorsitzender FDP (Ich rate allen Beteiligten, verbal abzurüsten) 15.11.2023 09:44 Seite 12 von 36 NDR Copyright (c) 2004",20:01:19.21,"0'03"""
Tagesschau,01 Streit um Heizungsgesetz,O-Ton,"Judith, Rakers",,"Christian Dürr (Für die Menschen kommt es nicht darauf an, wann eine Lesung im Deutschen Bundestag ist, sondern ob sie ein Gebäudeenergiegesetz haben, was wirklich funktioniert)",20:01:27.19,"0'08"""
Tagesschau,01 Streit um Heizungsgesetz,O-Ton,"Judith, Rakers",,"Rolf Mützenich, Fraktionsvorsitzender SPD (Am Ende würden wir uns allen schaden, wenn das nicht aller Sachgerechtigkeit und aller Überzeugung in den Beratungen bis zur Sommerpause auf den Weg gebracht wird)",20:02:00.21,"0'15"""
Tagesschau,02 Bundestag: Diskussion Heizungsgesetz,Sachinhalt,"Susanne, Daubner",,"02 Start-TC Beitrag: 20:03:27.24 Dauer: 2'11"" Der Bundestag hat sich in einer aktuellen Stunde mit dem Gesetzentwurf zum Gebäudeenergiegesetz (Heizungsgesetz) von Bundeswirtschaftsminister Robert Habeck beschäftigt. Die Union lehnt den Gesetzentwurf ab und stellte die Handlungsfähigkeit der Ampel-Koalition in Frage. 15.11.2023 09:44 Seite 13 von 36 NDR Copyright (c) 2004",20:02:24.19,"0'08"""
Tagesschau,02 Bundestag: Diskussion Heizungsgesetz,O-Ton,"Susanne, Daubner",,"Jens Spahn, stellvertretender Fraktionsvorsitzender CDU/CSU (Sie sorgen sich um Zeitpläne und Formalien, streiten auf Twitter; nur um die existentiellen Ängste der Leute im realen Leben, um die kümmert sich gerade keiner; liebe Kollegen von der Ampel, das ist machtvergessen, selbstbezogen, unwürdig - beenden Sie dieses Schauspiel, ziehen Sie den Gesetzentwurf zurück)",20:03:42.16,"0'22"""
Tagesschau,02 Bundestag: Diskussion Heizungsgesetz,O-Ton,"Susanne, Daubner",,"Marc Bernhard, Fraktion AfD (Jetzt muss auch dieser ""Heizungs-Hammer"" weg; es ist doch völlig absurd, dass den Menschen ""verboten werden soll mit Gas zu heizen)",20:04:22.24,"0'10"""
Tagesschau,02 Bundestag: Diskussion Heizungsgesetz,O-Ton,"Susanne, Daubner",,"Amira Mohamed Ali, Fraktionsvorsitzende Die Linke (Bauministerin Geywitz und der SPD fällt erst jetzt auf, dass die Mehrkosten für die Wärmepumpen und die notwendigen Umbauten in Mehrfamilienhäusern auf die Mieter abgewälzt werden, und dadurch die Mieten massiv steigen)",20:04:33.07,"0'17"""
Tagesschau,02 Bundestag: Diskussion Heizungsgesetz,O-Ton,"Susanne, Daubner",,"Lukas Köhler, stellvertretender Fraktionsvorsitzender FDP (Es ist klar, dass es eine Novelle des Gebäudeenergiegesetzes braucht; es ist auch klar, so wie es aus der Regierung gekommen ist, wird es nicht durch dieses Parlament gehen, es braucht eine Novellierung, hier ist der richtige Ort, wo wir das diskutieren können)",20:04:59.10,"0'14"""
Tagesschau,05 Verhandlungen Gebäudeenergie-Gesetz,O-Ton,"Susanne, Daubner",,"Andreas Audretsch, stellvertretender Fraktionsvorsitzender Bündnis 90/Die Grünen (Das Gesetz muss beraten werden, muss hier beraten werden; das ist Aufgabe von uns Parlamentariern, lass Sie uns die Blockade an der Stelle auflösen) Aufzeichnung/Produktion Sendung Beitrag 02 Programmentstehung Eigenproduktion Herkunft ARD-aktuell und EVN Hauptstadtstudio Berlin Realisation sendefertig 15'16"" Tagesschau F: 24533 30.05.2023 ARDAKT 2'00"" Verhandlungen Gebäudeenergie-Gesetz Di 20:00 05 Titel Serien-/Reihentitel Tagesschau F: 24533 Plan- und Sendedaten Start-TC:20:08:05.16 Ereignistyp Btr. Datum/Uhrzeit Ereignisdauer publiziert von/in ESD 30.05.2023 20:00 2'00"" in 15'16"" NDR @ ARD-1 Anmerkung: zusätzlich in: 3sat; NDR-NDR-RB; WDR-Fernsehen; hessen fernsehen; SWR; tagesschau24; RBB; SR; BR; ARD-Alpha; Phoenix 15.11.2023 09:44 Seite 14 von 36 NDR Copyright (c) 2004",20:05:22.21,"0'09"""
Tagesschau,05 Verhandlungen Gebäudeenergie-Gesetz,Sachinhalt,"Constantin, Schreiber",,"05 Start-TC Beitrag: 20:08:05.16 Dauer: 2'00"" Der Gesetzentwurf von Robert Habeck (Bündnis 90/Die Grünen) zu mehr Klimaschutz in Gebäuden hat in der Regierungskoalition und darüber hinaus in den vergangenen Wochen für reichlich Ärger gesorgt. Nun zeigt sich der Bundeswirtschaftsminister bei wichtigen Stellschrauben gesprächsbereit und will mit seinen Koalitionskollegen Kompromisslinien ausarbeiten. Bildinhalt",20:05:22.21,"0'09"""
Tagesschau,05 Verhandlungen Gebäudeenergie-Gesetz,Sachinhalt,"Constantin, Schreiber",,Handwerker installieren Wärmepumpe in Heizungskeller,20:08:05.16,"0'22"""
Tagesschau,05 Verhandlungen Gebäudeenergie-Gesetz,Sachinhalt,"Constantin, Schreiber",,"Bundesministerium für Wirtschaft und Klimaschutz (Schild nah), Schriftzug",20:08:28.05,"0'07"""
Tagesschau,05 Verhandlungen Gebäudeenergie-Gesetz,O-Ton,"Constantin, Schreiber",,"Jens Bernatschke, Monteur (Lange Lieferzeiten für Wärmepumpen)",20:08:15.04,"0'08"""
Tagesschau,05 Verhandlungen Gebäudeenergie-Gesetz,O-Ton,"Constantin, Schreiber",,"Frank Schäffler, Fraktion FDP (Müssen auf Anreize setzen; Menschen müssen selbst entscheiden, welche Heizungen sie einbauen oder nicht und das muss man über den Preis gestalten und nicht über einseitige ordnungsrechtliche Maßnahmen)",20:08:59.23,"0'14"""
Tagesschau,05 Verhandlungen Gebäudeenergie-Gesetz,O-Ton,"Constantin, Schreiber",,"Katharina Dröge, Fraktionsvorsitzende Bündnis 90/Die Grünen (Sehr ärgerlich, dass wir momentan in einer blockierten Situation sind; FDP muss jetzt den Schritt machen, dass wir wieder handlungsfähig sind)",20:09:23.10,"0'09"""
Tagesschau,05 Verhandlungen Gebäudeenergie-Gesetz,O-Ton,"Constantin, Schreiber",,"Kevin Kühnert, Generalsekretär SPD (Es ist ""Pseudo-Stärke, wenn ein Regierungschef, nur um zu zeigen, was er für ein toller Hengst ist, die ganze Zeit auf den Tisch hauen muss""; gute, moderne Führung besteht nicht darin, der ""lauteste Maxe"" zu sein)",20:09:39.20,"0'09"""
Tagesschau,05 Verhandlungen Gebäudeenergie-Gesetz,O-Ton,"Constantin, Schreiber",,Aufsager Sarah Frühauf Aufzeichnung/Produktion Sendung Beitrag 05 Programmentstehung Eigenproduktion Herkunft ARD-aktuell und EVN Hauptstadtstudio Berlin Realisation sendefertig 15.11.2023 09:44 Seite 15 von 36 NDR Copyright (c) 2004,20:09:49.17,"0'16"""
Tagesschau,03 Koalitionskrach und AfD-Hoch,O-Ton,"Julia-Niharika, Sen",,"Bijan Djir-Sarai, Generalsekretär FDP (zum Heizungsgesetz/Gebäudeenergiegesetz: ""Es wäre schlecht für die Politik insgesamt. Es wäre schlecht für das Ansehen dieser Bundesregierung, am Ende des Tages ein schlechtes Gesetz zu machen"")",20:06:24.07,"0'06"""
Tagesschau,03 Koalitionskrach und AfD-Hoch,O-Ton,"Julia-Niharika, Sen",,"Mario Czaja, Generalsekretär CDU (""Es geht im Kern nicht um die wahren Sorgen der Menschen. Es geht nicht um Inflation. Es geht nicht um die Fragen bei der Gesundheitspolitik. es geht nicht um das Chaos bei den Heizungen. Sondern es wird der Eindruck entwickelt, dass wenige Randthemen eine Rolle spielen"")",20:06:44.02,"0'13"""
Tagesschau,03 Koalitionskrach und AfD-Hoch,O-Ton,"Julia-Niharika, Sen",,Aufsager Oliver Sallet (in Berlin) Aufzeichnung/Produktion Sendung Beitrag 03 Programmentstehung Eigenproduktion Herkunft ARD-aktuell und EVN Hauptstadtstudio Berlin Realisation sendefertig 15.11.2023 09:44 Seite 16 von 36 NDR Copyright (c) 2004,20:06:57.21,"0'18"""
Tagesschau,03 Demonstration gegen Heizungspläne von Robert Habeck in Erding,Sachinhalt,"Susanne, Daubner",,"03 Start-TC Beitrag: 20:05:11.03 Dauer: 1'30"" In Erding haben mehrere tausend Menschen gegen das geplante Heizungsgesetz der Bundesregierung demonstriert. Unabhängig von den Organisatoren hatte auch die AfD zur Teilnahme aufgerufen. Von ihnen durfte bei der Veranstaltung allerdings niemand auftreten. Hauptredner war der bayerische Ministerpräsident Markus Söder. Er wurde mit Protestrufen empfangen. Bildinhalt",20:06:57.21,"0'18"""
Tagesschau,03 Demonstration gegen Heizungspläne von Robert Habeck in Erding,Sachinhalt,"Susanne, Daubner",,"Kundgebung; Markus Söder auf Bühne wird ausgebuht; Demonstranten skandieren ""Hau ab!""; Protestplakate u.a. gegen Bundesregierung; einzelne Gegendemonstranten",20:05:11.03,"1'17"""
Tagesschau,03 Demonstration gegen Heizungspläne von Robert Habeck in Erding,O-Ton,"Susanne, Daubner",,"Demonstranten (Regierung muss weg, das ganze Parteiensystem gehört weg; die Grünen gehen uns auf die Nerven, weil sie eine reine Verbotspartei sind)",20:05:22.06,"0'16"""
Tagesschau,03 Demonstration gegen Heizungspläne von Robert Habeck in Erding,O-Ton,"Susanne, Daubner",,"Markus Söder, Ministerpräsident Bayern/Vorsitzender CSU (Gerade die Grünen treiben die Dinge mit ""Brachialkur"" voran und zwar nur mit Ideologie, ohne Pragmatismus, ohne Vernunft; deshalb das klare Signal, diese Politik der Grünen darf nicht die Mehrheit in Deutschland werden)",20:05:47.13,"0'18"""
Tagesschau,03 Demonstration gegen Heizungspläne von Robert Habeck in Erding,O-Ton,"Susanne, Daubner",,15.11.2023 09:44 Seite 17 von 36 NDR Copyright (c) 2004,20:06:15.23,"0'13"""
Tagesschau,03 Ampel-Koalition: Streit Heizungsgesetz,Sachinhalt,"Constantin, Schreiber",,"03 Start-TC Beitrag: 20:04:49.19 Dauer: 1'34"" Die Regierungskoalition sucht weiter nach einem Kompromiss im Streit über das geplante Gebäudeenergiegesetz (Heizungsgesetz). Bildinhalt",20:06:15.23,"0'13"""
Tagesschau,03 Ampel-Koalition: Streit Heizungsgesetz,Sachinhalt,"Constantin, Schreiber",,Wellness-Hotel im Bayerischen Wald (Luftaufnahme); Eigentürmer Alfons Oswald überprüft Heizungsanlage; Lagerung von Restholz 15.11.2023 09:44 Seite 18 von 36 NDR Copyright (c) 2004,20:04:49.19,"0'36"""
Tagesschau,03 Ampel-Koalition: Streit Heizungsgesetz,O-Ton,"Constantin, Schreiber",,"Alfons Oswald, Hotelier (Heizt seit 18 Jahren mit Holz)",20:05:11.02,"0'07"""
Tagesschau,03 Ampel-Koalition: Streit Heizungsgesetz,O-Ton,"Constantin, Schreiber",,"Ricarda Lang, Vorsitzende Bündnis 90/Die Grünen (Es gibt Fälle, in denen Holz gute Lösung ist, aber es gibt berechtigte Bedenken; erstens schwankt auch bei Pellets der Preis sehr stark, zweitens ist Holz wertvolle, knappe Ressource, die wir schützen sollten)",20:05:31.04,"0'18"""
Tagesschau,03 Ampel-Koalition: Streit Heizungsgesetz,O-Ton,"Constantin, Schreiber",,"Christian Dürr, Fraktionsvorsitzender FDP (Am Ende des Tages brauchen wir Heizungsgesetz, was wirklich funktioniert; die Heizung muss zum Haus passen und nicht umgekehrt)",20:05:55.15,"0'06"""
Tagesschau,02 Schaltung zu Tina Hassel in Berlin: Gebäudeenergiegesetz,O-Ton,"Julia-Niharika, Sen",,"Thorsten Frei, Fraktion CDU/CSU (Sind der Auffassung, dass das Gesetz so verkorkst ist, dass der Bundeswirtschaftsminister es eigentlich zurückziehen und neu aufsetzen sollte) Aufzeichnung/Produktion Sendung Beitrag 03 Programmentstehung Eigenproduktion Herkunft ARD-aktuell und EVN Hauptstadtstudio Berlin Realisation sendefertig 15'05"" Tagesschau F: 24547 13.06.2023 ARDAKT 0'56"" Schaltung zu Tina Hassel in Berlin: Di 20:00 02 Gebäudeenergiegesetz Titel Serien-/Reihentitel Tagesschau F: 24547 Plan- und Sendedaten Start-TC:20:02:29.21 Ereignistyp Btr. Datum/Uhrzeit Ereignisdauer publiziert von/in ESD 13.06.2023 20:00 0'56"" in 15'05"" NDR @ ARD-1 Anmerkung: zusätzlich in: 3sat; NDR-NDR-RB; WDR-Fernsehen; hessen fernsehen; SWR; tagesschau24; RBB; SR; BR; ARD-Alpha; Phoenix Urheber/Produktion/Mitwirkung Programmbereich ARD-AKTUELL Redaktion (Bereich) ARD-AKTUELL Redaktionelle Leitung Bornheim, Marcus Redaktion (Person) Hahnen, Andrea 15.11.2023 09:44 Seite 19 von 36 NDR Copyright (c) 2004",20:06:05.19,"0'10"""
Tagesschau,02 Reaktionen auf Einigung zum Gebäudeenergiegesetz,Sachinhalt,"Susanne, Daubner",,"02 Start-TC Beitrag: 20:03:13.17 Dauer: 1'43"" Nach dem Durchbruch im Koalitionsstreit über das Gebäudeenergiegesetz sind die Reaktionen bei Verbänden und Betroffenen geteilt. Bildinhalt",20:06:05.19,"0'10"""
Tagesschau,02 Reaktionen auf Einigung zum Gebäudeenergiegesetz,Sachinhalt,"Susanne, Daubner",,Pirna: Fernwärme-Baustelle in einem Wohngebiet,20:03:13.17,"0'15"""
Tagesschau,02 Reaktionen auf Einigung zum Gebäudeenergiegesetz,Sachinhalt,"Susanne, Daubner",,Grafik (Landkarte): Verbreitung von Fernwärme in Deutschland,20:03:29.14,"0'08"""
Tagesschau,02 Reaktionen auf Einigung zum Gebäudeenergiegesetz,Sachinhalt,"Susanne, Daubner",,Halle mit Heizungstechnik/Heizungsanlagen,20:03:38.08,"0'08"""
Tagesschau,02 Reaktionen auf Einigung zum Gebäudeenergiegesetz,O-Ton,"Susanne, Daubner",,"Kai Warnecke, Präsident Eigentümerverband Haus & Grund (Die Änderung greift nur dort, wo Städte und Gemeinden eine Wärmeplanung vorlegen müssen. Das ist bei kleineren Städten und Gemeinden aber nicht der Fall)",20:03:55.01,"0'16"""
Tagesschau,02 Reaktionen auf Einigung zum Gebäudeenergiegesetz,O-Ton,"Susanne, Daubner",,"Gerd Landsberg, Hauptgeschäftsführer Deutscher Städte- und Gemeindebund (Lob für die Einsicht der Bundesregierung, dass die kommunale Wärmeplanung Vorrang haben muss)",20:04:15.12,"0'15"""
Tagesschau,02 Reaktionen auf Einigung zum Gebäudeenergiegesetz,O-Ton,"Susanne, Daubner",,"Sebastian Bartels, Gschäftsführer Berliner Mieterverein (Forderung, dass Vermieter, die keine Förderung in Anspruch nehmen wollen, die Kosten selber tragen müssen) 15.11.2023 09:44 Seite 21 von 36 NDR Copyright (c) 2004",20:04:43.10,"0'08"""
Tagesschau,01 Bundestag: Erste Lesung Gebäudeenergiegesetz,Sachinhalt,"Judith, Rakers",,"01 Start-TC Beitrag: 20:00:47.17 Dauer: 2'14"" Der Bundestag hat in erster Lesung über das Gebäudeenergiegesetz (GEG), das sogenannte Heizungsgesetz, der Bundesregierung. SPD, Bündnis 90/Die Grünen und FDP hatten sich erst vor zwei Tagen auf einen Kompromiss mit zahlreichen Änderungen an dem ursprünglichen Entwurf geeinigt. Bildinhalt",20:04:43.10,"0'08"""
Tagesschau,01 Bundestag: Erste Lesung Gebäudeenergiegesetz,O-Ton,"Judith, Rakers",,"Marc Bernhard, Fraktion AfD (Kritik daran, dass die Bundesregierung ihren unveränderten Referentenentwurf aus dem April in den Bundestag einbringt, ""bei dem sie schon selber festgestellt haben, dass er untauglich 15.11.2023 09:44 Seite 22 von 36 NDR Copyright (c) 2004",20:02:15.23,"0'15"""
Tagesschau,01 Bundestag: Erste Lesung Gebäudeenergiegesetz,O-Ton,"Judith, Rakers",,"und nicht umsetzbar ist"")",20:02:15.23,"0'15"""
Tagesschau,01 Kommunale Wärmeplanung,Sachinhalt,"Constantin, Schreiber",,"01 Start-TC Beitrag: 20:00:56.24 Dauer: 1'36"" Nach langem Streit hatten sich die Regierungsparteien auf den Kompromiss geeinigt, dass das Gebäudeenergiegesetz (GEG/Heizungsgesetz) nicht mehr flächendeckend ab dem 1. Januar 2024 gilt, sondern Schritt für Schritt bis 2028 dort, wo kommunale Wärmeplanungen vorliegen. Damit drohen nun regional unterschiedliche Regeln, wogegen sich jetzt Widerstand - insbesondere aus Baden-Württemberg - formiert. 15.11.2023 09:44 Seite 23 von 36 NDR Copyright (c) 2004",20:02:43.07,"0'09"""
Tagesschau,01 Kommunale Wärmeplanung,O-Ton,"Constantin, Schreiber",,"Johannes Bruns, Oberbürgermeister Mühlhausen/SPD",20:01:12.12,"0'12"""
Tagesschau,01 Kommunale Wärmeplanung,O-Ton,"Constantin, Schreiber",,"Marco Steffens, Oberbürgermeister Offenburg/CDU",20:01:48.24,"0'24"""
Tagesschau,02 Heizungsgesetz,O-Ton,"Julia-Niharika, Sen",,"Winfried Kretschmann, Ministerpräsident Baden-Württemberg/Bündnis 90/Die Grünen Aufzeichnung/Produktion Sendung Beitrag 01 Programmentstehung Eigenproduktion Herkunft ARD-aktuell und EVN Übernahme aus ""Bericht aus Berlin"" / Hauptstadtstudio Berlin Realisation sendefertig 15'26"" Tagesschau F: 24561 27.06.2023 ARDAKT 2'05"" Heizungsgesetz Di 20:00 02 Titel Serien-/Reihentitel Tagesschau F: 24561 Plan- und Sendedaten Start-TC:20:03:26.18 Ereignistyp Btr. Datum/Uhrzeit Ereignisdauer publiziert von/in ESD 27.06.2023 20:00 2'05"" in 15'26"" NDR @ ARD-1 Anmerkung: zusätzlich in: 3sat; NDR-NDR-RB; WDR-Fernsehen; hessen fernsehen; SWR; tagesschau24; RBB; SR; BR; ARD-Alpha; Phoenix Urheber/Produktion/Mitwirkung Programmbereich ARD-AKTUELL Redaktion (Bereich) ARD-AKTUELL Redaktionelle Leitung Bornheim, Marcus Redaktion (Person) Hähnel, Oliver Krogmann, Christiane 15.11.2023 09:44 Seite 24 von 36 NDR Copyright (c) 2004",20:02:13.24,"0'13"""
Tagesschau,02 Heizungsgesetz,O-Ton,"Julia-Niharika, Sen",,"Matthias Miersch, stellvertretender Fraktionsvorsitzender SPD (Das Entscheidende ist, dass wir Klimaschutz und sozialen Zusammenhalt wirklich in diesem Gesetz abbilden, dass wir niemanden überfordern und zeitlich die kommunale Ebene mit in den Blick nehmen)",20:04:16.06,"0'11"""
Tagesschau,03 Vorstellung Heizungsgesetz,Sachinhalt,"Susanne, Holst",,"03 Start-TC Beitrag: 20:05:34.24 Dauer: 3'38"" Nach monatelangem Streit in der Regierungskoalition liegt der überarbeitete Entwurf des 15.11.2023 09:44 Seite 25 von 36 NDR Copyright (c) 2004",20:04:41.02,"0'14"""
Tagesschau,03 Vorstellung Heizungsgesetz,Sachinhalt,"Susanne, Holst",,"Gebäudeenergiegesetzes (Heizungsgesetzes) vor. Damit kann der Bundestag in der kommenden Woche darüber abstimmen. Das Gesetz soll sicherstellen, dass Haushalte langfristig von Öl und Gas auf klimafreundlichere Heizungen umsteigen. Bildinhalt",20:04:41.02,"0'14"""
Tagesschau,03 Vorstellung Heizungsgesetz,O-Ton,"Susanne, Holst",,"Christian Dürr, Fraktionsvorsitzender FDP (Keine Eingriffe ins Eigentum, keine Verbote und vor allem maximale Technologieoffenheit; die Heizung muss zum Haus passen)",20:05:51.04,"0'06"""
Tagesschau,03 Vorstellung Heizungsgesetz,O-Ton,"Susanne, Holst",,"Andreas Audretsch, stellvertretender Fraktionsvorsitzender Bündnis 90/Die Grünen (Es ist niemandem zu raten, nach dem 01.01.2024 noch eine Öl- oder Gasheizung einzubauen; das wird teuer; der Gaspreis geht nach oben)",20:06:25.03,"0'12"""
Tagesschau,03 Vorstellung Heizungsgesetz,O-Ton,"Susanne, Holst",,"Klaus Ernst, Fraktion Die Linke (Das kann man nicht durchdrücken wie in einer Monarchie)",20:06:43.06,"0'02"""
Tagesschau,03 Vorstellung Heizungsgesetz,O-Ton,"Susanne, Holst",,"Andreas Jung, Fraktion CDU/CSU (Kritik am engen Zeitrahmen, den Parlamentarier vor der Abstimmung haben)",20:06:45.19,"0'10"""
Tagesschau,03 Bundesverfassungsgericht stoppt das Gebäudeenergiegesetz,O-Ton,"Susanne, Holst",,"Aufsager Iris Sayram Aufzeichnung/Produktion Sendung Beitrag 03 Programmentstehung Eigenproduktion Herkunft ARD-aktuell und EVN Hauptstadtstudio Berlin Realisation sendefertig 15'47"" Tagesschau F: 24570 06.07.2023 ARDAKT 1'46"" Bundesverfassungsgericht stoppt das Do 20:00 03 Gebäudeenergiegesetz Titel Serien-/Reihentitel Tagesschau F: 24570 Plan- und Sendedaten Start-TC:20:04:39.14 Ereignistyp Btr. Datum/Uhrzeit Ereignisdauer publiziert von/in ESD 06.07.2023 20:00 1'46"" in 15'47"" NDR @ ARD-1 Anmerkung: zusätzlich in: 3sat; NDR-NDR-RB; WDR-Fernsehen; hessen fernsehen; SWR; tagesschau24; RBB; SR; BR; ARD-Alpha; Phoenix 15.11.2023 09:44 Seite 26 von 36 NDR Copyright (c) 2004",20:07:04.23,"2'08"""
Tagesschau,03 Bundesverfassungsgericht stoppt das Gebäudeenergiegesetz,Sachinhalt,"Susanne, Daubner",,"03 Start-TC Beitrag: 20:04:39.14 Dauer: 1'46"" Das Bundesverfassungsgericht hat die für Freitag geplante Verabschiedung des umstrittenen Gebäudeenergiegesetzes (Heizungsgesetzes) im Bundestag in einem Eilverfahren gestoppt. Die Ausgestaltung des Gesetzgebungsverfahrens könne die vom Grundgesetz garantierten Beteiligungsrechte des Abgeordneten ""möglicherweise"" verletzen, hieß es in der Begründung der Entscheidung. Der CDU- Bundestagsabgeordnete Thomas Heilmann hatte einen Antrag auf eine einstweilige Anordnung gestellt. Bildinhalt",20:07:04.23,"2'08"""
Tagesschau,03 Bundesverfassungsgericht stoppt das Gebäudeenergiegesetz,Sachinhalt,"Susanne, Daubner",,Händeschütteln zwischen Friedrich Merz und Thomas Heilmann,20:04:39.14,"0'14"""
Tagesschau,03 Bundesverfassungsgericht stoppt das Gebäudeenergiegesetz,O-Ton,"Susanne, Daubner",,"Thomas Heilmann, Fraktion CDU/CSU (Wir sind eben nicht nur dafür da, die Hand zu heben und abzustimmen, sondern wir sind eben auch dazu da, sich um Details zu kümmern. Dafür werden wir ehrlich gesagt bezahlt)",20:05:01.02,"0'09"""
Tagesschau,03 Bundesverfassungsgericht stoppt das Gebäudeenergiegesetz,O-Ton,"Susanne, Daubner",,"Thomas Heilmann, Fraktion CDU/CSU (Experten noch mal fragen, Ausschuss noch einmal tragen lassen, dann hätte man nach meinem Gefühl, die formalen Voraussetzungen erfüllt)",20:05:13.20,"0'07"""
Tagesschau,03 Bundesverfassungsgericht stoppt das Gebäudeenergiegesetz,O-Ton,"Susanne, Daubner",,"Katharina Dröge, Fraktionsvorsitzende Bündnis 90/Die Grünen (Damit wollen wir den Menschen sagen, ihr könnt euch darauf einstellen, sowohl die Unternehmerin, die Handwerkerin als auch die Heizungsbauerin, als aber auch die Besitzerin von Immobilien, die sich fragen, welche Heizung möchte ich eigentlich im nächsten Jahr einbauen) Aufzeichnung/Produktion Sendung Beitrag 03 Programmentstehung Eigenproduktion Herkunft ARD-aktuell und EVN Hauptstadtstudio Berlin Realisation sendefertig 15'47"" Tagesschau F: 24570 06.07.2023 ARDAKT 1'08"" Schaltung zu Tina Hassel in Berlin: Do 20:00 04 Bundesverfassungsgericht... 15.11.2023 09:44 Seite 27 von 36 NDR Copyright (c) 2004",20:05:36.08,"0'12"""
Tagesschau,02 Bundestag zu Gebäudeenergiegesetz,Sachinhalt,"Susanne, Daubner",,"02 Start-TC Beitrag: 20:03:25.01 Dauer: 1'50"" Im Bundestag ist am letzten Tag vor der Sommerpause überraschend per Hammelsprung über ein Herbeizitieren von Bundeswirtschaftsminister Robert Habeck abgestimmt worden. Der CDU-Abgeordnete Thorsten Frei hatte den Geschäftsordnungsantrag anlässlich einer Debatte über das vom Bundesverfassungsgericht vorläufig gestoppte Gebäudeenergiegesetz (Heizungsgesetz) gestellt. Die geplante Abstimmung über das Energieeffizienz-Gesetz platzte, weil nicht mehr genug Abgeordnete anwesend waren und das Parlament damit nicht mehr beschlussfähig war. Bildinhalt",20:05:36.08,"0'12"""
Tagesschau,02 Bundestag zu Gebäudeenergiegesetz,Sachinhalt,"Susanne, Daubner",,"Abstimmung per Hammelsprung im Bundestag, Bundesminister auf Regierungsbank (ohne Bundeswirtschaftsminister Habeck)",20:03:25.01,"0'21"""
Tagesschau,02 Bundestag zu Gebäudeenergiegesetz,Sachinhalt,"Susanne, Daubner",,Bundeswirtschaftsminister Robert Habeck im Bundesrat,20:03:46.16,"0'10"""
Tagesschau,02 Bundestag zu Gebäudeenergiegesetz,O-Ton,"Susanne, Daubner",,"Thorsten Frei, Fraktion CDU/CSU (""Deshalb zitieren wir nach Paragraf 43, Absatz 1 der Geschäftsordnung den Bundesminister Habeck"")",20:03:38.20,"0'07"""
Tagesschau,02 Bundestag zu Gebäudeenergiegesetz,O-Ton,"Susanne, Daubner",,"Robert Habeck, Bundesminister für Wirtschaft und Klimaschutz/Bündnis 90/Die Grünen (""Das ist eine Frage auch des Respekts vor der Würde dieser Landeskammer, sich dann bei der Beratung der Gesetze hier auch der Verantwortung zu stellen"")",20:03:57.02,"0'09"""
Tagesschau,02 Bundestag zu Gebäudeenergiegesetz,O-Ton,"Susanne, Daubner",,"Friedrich Merz, Fraktionsvorsitzender CDU/CSU (kritisiert, dass die Regierung nicht mehr neu über das Gebäudeenergiegesetz diskutieren will: ""Wenn Sie jetzt schon heute für die nächste Sitzungswoche des Deutschen Bundestages dieses Gesetz in unveränderter Form auf die Tagesordnung im September setzen, dann ist das ein weiterer Ausdruck von Respektlosigkeit und Ignoranz dem Deutschen Bundestag gegenüber"")",20:04:15.23,"0'19"""
Tagesschau,02 Bundestag zu Gebäudeenergiegesetz,O-Ton,"Susanne, Daubner",,"Johannes Fechner , Fraktion SPD (""Wir wollen mehr Tempo im Klimaschutz. Und deswegen werden wir gleich in der nächstmöglichen regulären Sitzung diesen Tagesordnungspunkt aufsetzen und werden das Gebäudeenergiegesetz verabschieden"")",20:04:39.00,"0'11"""
Tagesschau,02 Bundestag zu Gebäudeenergiegesetz,O-Ton,"Susanne, Daubner",,Aufsager Moritz Rödle Aufzeichnung/Produktion Sendung Beitrag 02 Programmentstehung Eigenproduktion 15.11.2023 09:44 Seite 29 von 36 NDR Copyright (c) 2004,20:05:00.22,"0'14"""
Tagesschau,03 Sommer-Pressekonferenz Olaf Scholz,O-Ton,"Susanne, Daubner",,"Olaf Scholz (zu Problemen im Umgang mit dem sogenannten Heizungsgesetz: ""Es ist ja kein Geheimnis: Dass da so laut diskutiert worden ist, gefällt weder mir noch irgendwem sonst"")",20:05:12.15,"0'06"""
Tagesschau,03 Sommer-Pressekonferenz Olaf Scholz,O-Ton,"Susanne, Daubner",,"Olaf Scholz (zur Lieferung von Streumunition an die ""In dieser Situation hat die amerikanische Regierung eine Entscheidung getroffen, die nicht unsere ist"") Aufzeichnung/Produktion Sendung Beitrag 03 Programmentstehung Eigenproduktion 15.11.2023 09:44 Seite 30 von 36 NDR Copyright (c) 2004",20:05:31.01,"0'04"""
Tagesschau,01 ARD-Sommerinterview Friedrich Merz - ZDF-Sommerinterview Christian,Sachinhalt,"Susanne, Daubner",,"01 Start-TC Beitrag: 20:00:51.08 Dauer: 1'45"" Im ARD-Sommerinterview hat der CDU-Vorsitzende Friedrich Merz die Politik Ampelkoalition scharf kritisiert. Ihre Vorhaben seien zu bürokratisch und enthielten zu viele Verbote sowie Vorgaben vom Staat. Den Abbau von Bürokratie forderte auch Christian Lindner von der Regierungspartei FDP im ZDF-Sommerinterview. Im ARD-Format #fragselbst schlug der stellvertretende Fraktionsvorsitzende Jens Spahn neue Wege in der Asyl- und Migrationspolitik vor. Bildinhalt",20:05:31.01,"0'04"""
Tagesschau,01 ARD-Sommerinterview Friedrich Merz - ZDF-Sommerinterview Christian,Sachinhalt,"Susanne, Daubner",,Friedrich Merz im ARD-Sommerinterview,20:00:51.08,"0'54"""
Tagesschau,01 ARD-Sommerinterview Friedrich Merz - ZDF-Sommerinterview Christian,Sachinhalt,"Susanne, Daubner",,Jens Spahn im Tagesschau-Format #fragselbst,20:01:46.03,"0'26"""
Tagesschau,01 ARD-Sommerinterview Friedrich Merz - ZDF-Sommerinterview Christian,Sachinhalt,"Susanne, Daubner",,Christian Lindner im ZDF-Sommerinterview 15.11.2023 09:44 Seite 31 von 36 NDR Copyright (c) 2004,20:02:12.04,"0'24"""
Tagesschau,01 ARD-Sommerinterview Friedrich Merz - ZDF-Sommerinterview Christian,O-Ton,"Susanne, Daubner",,"Friedrich Merz, Vorsitzender CDU (kritisiert Ampel-Vorhaben der Kindergrundsicherung: ""Die bessere Lösung wäre mehr Unterstützung der Kinder, bessere Bildungseinrichtungen, bessere Betreuungsmöglichkeiten. Immer höhere Transferleistungen lösen das Problem nicht"")",20:01:11.12,"0'11"""
Tagesschau,01 ARD-Sommerinterview Friedrich Merz - ZDF-Sommerinterview Christian,O-Ton,"Susanne, Daubner",,"Friedrich Merz (lehnt Gesetzesvorhaben der Ampel-Regierung, wie das Heizungsgesetz und die Legalisierung von Cannabis, ab; will ""dass überhaupt alle Gesetze mal daraufhin überprüft werden, was sie an Bürokratie auslösen, also Stopp"")",20:01:34.15,"0'11"""
Tagesschau,01 ARD-Sommerinterview Friedrich Merz - ZDF-Sommerinterview Christian,O-Ton,"Susanne, Daubner",,"Jens Spahn, stellvertretender Fraktionsvorsitzender CDU/CSU (schlägt einen neuen Weg in der Asylpolitik/Migrationspolitik vor und fordert die gezielte Aufnahme von bis zu 400.000 Menschen in die EU: ""Dann aber auch Frauen, Kinder, Menschen, die es am dringendsten brauchen. Im Moment haben wir das Recht des Stärkeren. Das sind meistens junge Männer. Wer es irgendwie nach Europa reinmacht und schafft, der bleibt"")",20:02:01.00,"0'11"""
Tagesschau,03 Hintergrund: Energieberater,O-Ton,"Thorsten, Schröder",,"Christian Lindner, Vorsitzender FDP (gibt in Bezug auf Bürokratieabbau zu: ""Gibt es auch Teile des Koalitionsvertrages, die sind tatsächlich aus der Zeit gefallen. Und da müssen alle ein Einsehen haben"") Aufzeichnung/Produktion Sendung Beitrag 01 Programmentstehung Eigenproduktion Herkunft ARD-aktuell und EVN Hauptstadtstudio Berlin Realisation sendefertig 15'56"" Tagesschau F: 24634 08.09.2023 ARDAKT 1'32"" Hintergrund: Energieberater Fr 20:00 03 Titel Serien-/Reihentitel Tagesschau F: 24634 Plan- und Sendedaten Start-TC:20:03:54.15 Ereignistyp Btr. Datum/Uhrzeit Ereignisdauer publiziert von/in ESD 08.09.2023 20:00 1'32"" in 15'56"" NDR @ ARD-1 Anmerkung: zusätzlich in: 3sat; NDR-NDR-RB; WDR-Fernsehen; hessen fernsehen; SWR; tagesschau24; RBB; SR; BR; ARD-Alpha; Phoenix Urheber/Produktion/Mitwirkung Programmbereich ARD-AKTUELL Redaktion (Bereich) ARD-AKTUELL Redaktionelle Leitung Bornheim, Marcus Redaktion (Person) Hornig, Veith Krogmann, Christiane Autorschaft 03 Siegel, Fabian 15.11.2023 09:44 Seite 32 von 36 NDR Copyright (c) 2004",20:02:22.10,"0'06"""
Tagesschau,03 Hintergrund: Energieberater,Sachinhalt,"Thorsten, Schröder",,"03 Start-TC Beitrag: 20:03:54.15 Dauer: 1'32"" Nach monatelanger Debatte ist das umstrittene Heizungsgesetz (offiziell: Gebäudeenergiegesetz) im Bundestag verabschiedet worden. Energieberater sehen es allerdings kritisch, dass Gasheizungen noch deutlich länger eingebaut werden dürfen, als ursprünglich geplant. Bildinhalt",20:02:22.10,"0'06"""
Tagesschau,03 Hintergrund: Energieberater,O-Ton,"Thorsten, Schröder",,Reiner Nier,20:04:10.13,"0'11"""
Tagesschau,03 Hintergrund: Energieberater,O-Ton,"Thorsten, Schröder",,"Olaf Ebling, Energieberater (rate von reiner Öl- und Gasheizung ab)",20:04:45.24,"0'07"""
Tagesschau,02 Bundestag: Abstimmung Heizungsgesetz,O-Ton,"Thorsten, Schröder",,"Olaf Ebling (wurde bei einer Eigentümerversammlungen ""fast geteert und gefedert, ... weil ich im Prinzip eine Pelletheizung vorgeschlagen habe und die unbedingt eine Ölheizung haben wollten"") Aufzeichnung/Produktion Sendung Beitrag 03 Programmentstehung Eigenproduktion Herkunft ARD-aktuell und EVN SWR Stuttgart Realisation sendefertig 15'56"" Tagesschau F: 24634 08.09.2023 ARDAKT 2'32"" Bundestag: Abstimmung Heizungsgesetz Fr 20:00 02 Titel Serien-/Reihentitel Tagesschau F: 24634 Plan- und Sendedaten Start-TC:20:01:04.00 Ereignistyp Btr. Datum/Uhrzeit Ereignisdauer publiziert von/in ESD 08.09.2023 20:00 2'32"" in 15'56"" NDR @ ARD-1 Anmerkung: zusätzlich in: 3sat; NDR-NDR-RB; WDR-Fernsehen; hessen fernsehen; SWR; tagesschau24; RBB; SR; BR; ARD-Alpha; Phoenix Urheber/Produktion/Mitwirkung Programmbereich ARD-AKTUELL Redaktion (Bereich) ARD-AKTUELL Redaktionelle Leitung Bornheim, Marcus 15.11.2023 09:44 Seite 33 von 36 NDR Copyright (c) 2004",20:05:05.10,"0'10"""
Tagesschau,02 Bundestag: Abstimmung Heizungsgesetz,Sachinhalt,"Thorsten, Schröder",,"02 Start-TC Beitrag: 20:01:04.00 Dauer: 2'32"" Nach langem Regierungsinternen Streit hat der Bundestag mit der Mehrheit der Regierungsparteien das überarbeitete Gebäudeenergiegesetz (Heizungsgesetz) verabschiedet. Bildinhalt",20:05:05.10,"0'10"""
Tagesschau,02 Bundestag: Abstimmung Heizungsgesetz,Sachinhalt,"Thorsten, Schröder",,Sanierungsmaßnahme der Baugenossenschaft Margaretenau Regensburg,20:01:04.00,"0'33"""
Tagesschau,02 Bundestag: Abstimmung Heizungsgesetz,Sachinhalt,"Thorsten, Schröder",,Grafik: Gebäudeenergiegesetz,20:01:37.13,"0'25"""
Tagesschau,02 Bundestag: Abstimmung Heizungsgesetz,Sachinhalt,"Thorsten, Schröder",,Bundestagsdebatte zum Gebäudeenergiegesetz,20:02:03.10,"1'07"""
Tagesschau,02 Bundestag: Abstimmung Heizungsgesetz,O-Ton,"Thorsten, Schröder",,"Armin Mayr, Stadtentwickler Regensburg (Planen, dass wir zwischen 2035 und 2038 CO2-frei sind)",20:01:19.12,"0'12"""
Tagesschau,02 Bundestag: Abstimmung Heizungsgesetz,O-Ton,"Thorsten, Schröder",,"Robert Habeck, Bundesminister für Wirtschaft und Klimaschutz/Bündnis 90/Die Grünen (Dieses Gesetz schafft Rechtssicherheit, es schützt die Verbraucher vor den hohen Energiepreisen. Es sorgt dafür, dass die Kommunen und die Verbände mitgenommen werden. Es sorgt für eine soziale Ausbalancierung des Gesetzes)",20:02:11.17,"0'13"""
Tagesschau,02 Bundestag: Abstimmung Heizungsgesetz,O-Ton,"Thorsten, Schröder",,"Alexander Dobrindt, Vorsitzender CSU-Landesgruppe im Deutschen Bundestag (Dieses Heiz-Gesetz ist der Gipfel der Respektlosigkeit gegenüber Bürgerinnen und Bürgern ... es geht darum, dass es wieder abgeschafft werden muss)",20:02:28.18,"0'11"""
Tagesschau,02 Bundestag: Abstimmung Heizungsgesetz,O-Ton,"Thorsten, Schröder",,"Dietmar Bartsch, Fraktionsvorsitzender Die Linke (Sie müssen Mietern ein Versprechen geben, keinen Euro mehr Warmmiete für dieses Gesetz)",20:02:39.24,"0'07"""
Tagesschau,02 Bundestag: Abstimmung Heizungsgesetz,O-Ton,"Thorsten, Schröder",,"Wolfram Axthelm, Geschäftsführer Bundesverband Erneuerbare Energie (Bisher konzentriert sich die Förderung sehr stark auf den Sektor der Eigenheime. Wir sind in Deutschland ein Vermieter-Land, ein Mieter- Land hier braucht es noch eine Komponente Nachsteuern in der Förderung. Ich rufe da die Bundesregierung dazu auf, hier noch nochmal nachzuarbeiten)",20:02:54.17,"0'16"""
Tagesschau,02 Bundestag: Abstimmung Heizungsgesetz,O-Ton,"Thorsten, Schröder",,Aufsager Nicole Kohnert Aufzeichnung/Produktion Sendung Beitrag 02 Programmentstehung Eigenproduktion Herkunft ARD-aktuell und EVN Hauptstadtstudio Berlin 15.11.2023 09:44 Seite 34 von 36 NDR Copyright (c) 2004,20:03:19.15,"0'16"""
Tagesschau,07 Sommerinterview mit Alice Weidel (AfD),Sachinhalt,"Constantin, Schreiber",,"07 Start-TC Beitrag: 20:11:18.12 Dauer: 1'39"" ARD-Sommerinterview und Format ""Frag selbst"" mit AfD-Bundessprecherin Alice Weidel. Bildinhalt",20:03:19.15,"0'16"""
Tagesschau,07 Sommerinterview mit Alice Weidel (AfD),O-Ton,"Constantin, Schreiber",,"Alice Weidel, Bundessprecherin AfD (zur Teilnahme des Co-Vorsitzenden Chrupalla am Empfang des russischen Botschafters am Jahrestag des Sieges über Nazi-Deutschland: ""Die Niederlage des eigenen Landes zu befeiern mit einer ehemaligen Besatzungsmacht, das ist etwas, wo ich für mich persönlich entschieden habe, auch mit der Fluchtgeschichte meines Vaters, daran nicht teilzunehmen"")",20:11:42.15,"0'15"""
Tagesschau,07 Sommerinterview mit Alice Weidel (AfD),O-Ton,"Constantin, Schreiber",,"Alice Weidel (verbindet Rücktrittsforderung an Kanzler Scholz mit dem umstrittenen Heizungsgesetz/Gebäudeenergiegesetz: ""Es wäre wichtig, dass dieser Kanzler, der die Mehrheiten verloren hat, im deutschen Volk, in der Bevölkerung, den Weg frei macht für Neuwahlen"") 15.11.2023 09:44 Seite 35 von 36 NDR Copyright (c) 2004",20:12:12.15,"0'09"""
Tagesschau,07 Sommerinterview mit Alice Weidel (AfD),O-Ton,"Constantin, Schreiber",,"Alice Weidel (zu Rechtsextremismus in der AfD: ""Ich finde Björn Höcke hat sich sehr gut entwickelt"") Aufzeichnung/Produktion Sendung Beitrag 07 Programmentstehung Eigenproduktion Herkunft ARD-aktuell und EVN Hauptstadtstudio Berlin / Bericht aus Berlin Realisation sendefertig 15.11.2023 09:44 Seite 36 von 36 NDR Copyright (c) 2004",20:12:42.22,"0'03"""
